Keyword Text,Competition,Competition Index,Search Volume,Low Top Page Bid,High Top Page Bid
cyber and security,MEDIUM,38,550000,7.14,22.26
course courses,LOW,4,90500,1.68,6.08
camp us,LOW,4,90500,1.04,10.00
cyber security courses,MEDIUM,52,49500,9.01,30.89
universities campus,LOW,2,22200,4.89,10.61
certificate programs,MEDIUM,47,18100,2.44,11.38
information technology security,LOW,13,18100,4.28,16.24
tra courses,LOW,18,14800,2.44,9.45
my course,LOW,0,12100,0.04,6.50
schedule course,LOW,0,9900,4.32,9.63
cisco certification,LOW,23,8100,1.79,7.62
password resets,LOW,2,8100,0.48,3.24
search courses,LOW,0,6600,1.32,2.85
account courses,MEDIUM,48,5400,4.69,23.42
educational course,LOW,20,3600,3.16,11.32
certificate i courses,MEDIUM,37,3600,2.35,10.62
degree professional,LOW,3,3600,3.01,11.05
certificate courses,LOW,32,2900,2.30,9.36
teaching course,LOW,23,2900,3.44,12.90
certificate for courses,LOW,32,2900,2.30,9.36
hons course,LOW,3,2900,,
campus security,LOW,3,2400,2.24,15.98
schedule training,LOW,1,2400,2.67,9.38
engineering course,LOW,28,1900,2.42,11.56
level 5 management course,MEDIUM,43,1900,,
networking certificate,MEDIUM,36,1600,2.73,10.23
professional trainings,LOW,21,1600,2.66,9.83
courses in university,LOW,19,1300,1.92,7.00
cyber security certificate programs,MEDIUM,47,1300,9.52,34.75
course uni,LOW,19,1300,1.92,7.00
course syllabus,LOW,0,1300,,
university and courses,LOW,19,1300,1.92,7.00
university on course,LOW,19,1300,1.92,7.00
certificate in network security,LOW,25,1000,4.16,14.44
course s,LOW,1,1000,2.94,8.03
new course,LOW,7,1000,1.81,3.80
professional schooling,LOW,9,1000,2.79,10.17
diploma certificate,HIGH,100,880,0.84,5.42
all campus,LOW,5,880,1.81,2.35
professional certification,LOW,17,880,2.09,9.33
diploma degree,MEDIUM,35,880,3.53,64.64
academic programmes,LOW,4,880,3.19,9.98
course link,LOW,0,880,1.72,5.00
diploma and certificate,HIGH,100,880,0.84,5.42
programmes in university,LOW,16,880,3.56,23.52
certificate for diploma,HIGH,100,880,0.84,5.42
cert diploma,HIGH,100,880,0.84,5.42
course numbers,LOW,0,880,,
link course,LOW,0,880,1.74,8.18
numbers course,LOW,0,880,,
scientific courses,LOW,10,880,1.55,5.80
cyber security university,LOW,32,720,7.61,33.78
cyber security uni,LOW,32,720,7.61,33.78
university of cyber security,LOW,32,720,7.61,33.78
characters password,LOW,0,720,,
cisco certified networking,LOW,21,720,1.98,7.36
ins course,MEDIUM,37,720,1.00,4.60
university diploma,HIGH,80,590,0.80,11.17
certificate engineering,LOW,25,590,2.37,9.67
diploma course,LOW,30,480,2.32,7.39
certificate it courses,LOW,26,480,5.65,23.67
best course,LOW,5,480,1.14,4.64
diploma diploma course,LOW,30,480,2.32,7.39
courses with diploma,LOW,30,480,2.32,7.39
link in an email,LOW,0,480,,
university inside,LOW,3,480,4.32,15.12
professional courses,LOW,26,390,2.02,6.78
campus university,LOW,13,390,0.78,9.94
courses professional,LOW,26,390,2.02,6.78
associate course,LOW,26,390,3.20,11.59
campus in university,LOW,13,390,0.78,9.94
university of campus,LOW,13,390,0.78,9.94
course programmes,LOW,14,320,2.16,8.66
programmes and courses,LOW,14,320,2.16,8.66
academic level,LOW,0,320,,
apply all,LOW,2,320,2.55,18.33
apply for all,LOW,2,320,2.55,18.33
all courses,LOW,3,260,1.87,3.54
advanced courses,LOW,4,260,1.69,14.94
university certificate,MEDIUM,37,260,2.10,7.54
course for all,LOW,3,260,1.87,3.54
certificate in university,MEDIUM,37,260,2.10,7.54
academic courses,LOW,4,210,2.67,7.96
security university,LOW,11,210,4.06,12.31
link to send email,LOW,2,210,4.46,24.49
training courses for professionals,LOW,33,210,3.19,9.92
link email,LOW,0,210,,
4 city,LOW,0,210,,
city email,LOW,0,210,,
inside course,LOW,1,210,,
up campus,LOW,2,210,,
city campus,LOW,0,170,,
diploma in cyber security,MEDIUM,44,170,8.42,23.35
campus course,LOW,2,170,5.04,8.71
courses level,LOW,2,170,3.85,9.27
course a level,LOW,3,170,1.82,6.80
level a course,LOW,3,170,1.82,6.80
level in university,LOW,0,170,,
professional programmes,LOW,10,170,3.29,11.73
certificate in information security,MEDIUM,45,140,7.97,29.94
university security,LOW,6,140,2.50,9.12
top courses,LOW,3,140,1.49,3.41
1 courses,LOW,0,140,,
campus menu,LOW,1,140,,
security in university,LOW,6,140,2.50,9.12
preview course,LOW,0,110,,
me courses,LOW,2,110,2.23,8.09
level diploma,LOW,0,110,,
account diploma,LOW,29,110,5.19,15.92
me course,LOW,2,110,2.23,8.09
5 courses,LOW,0,110,,
course me,LOW,2,110,2.23,8.09
send a link by email,LOW,7,110,4.47,19.30
send link email,LOW,7,110,4.47,19.30
cyber programs,LOW,27,90,6.03,17.88
approved course,LOW,3,90,0.53,2.23
your application,LOW,0,90,,
training application,LOW,10,90,3.48,9.52
application city,LOW,3,90,0.24,0.35
city application,LOW,3,90,0.24,0.35
course view,LOW,0,90,,
syllabus search,LOW,0,90,,
view course,LOW,0,90,,
cyber security diploma course,LOW,29,70,4.68,15.26
city courses,LOW,1,70,,
diploma of engineering,LOW,15,70,2.50,8.69
cyber security university course,MEDIUM,43,70,7.55,23.69
professional it courses,LOW,21,70,6.22,17.58
application sign up,LOW,8,70,2.09,4.83
diploma search,LOW,24,70,0.24,0.81
all trainings,LOW,4,70,,
diploma professional,MEDIUM,64,70,0.76,5.87
in cyber security,LOW,15,70,5.56,19.47
4 courses,LOW,0,70,,
certificate level,LOW,1,70,,
capital city campus,LOW,0,70,,
certified professional courses,MEDIUM,50,70,2.40,7.52
send your,LOW,0,70,,
course sign up,LOW,14,50,8.50,30.46
sign up for course,LOW,14,50,8.50,30.46
sign up for information,MEDIUM,33,50,3.29,6.13
it password management,MEDIUM,43,50,15.18,40.00
academic diploma,LOW,4,50,,
password must have,LOW,0,50,,
a level a level,LOW,0,50,,
a level level,LOW,0,50,,
apply to all,LOW,0,50,,
campus email,LOW,0,50,,
intermediate courses,LOW,1,50,,
password letters,LOW,0,50,,
password signs,HIGH,90,50,1.21,3.41
passwords must contain,LOW,0,50,,
course campus,LOW,2,40,,
university sign up,MEDIUM,63,40,66.05,151.55
diploma application,LOW,4,40,2.84,14.36
course of course,LOW,0,40,,
cyber campus,LOW,1,40,,
up courses,LOW,1,40,,
sign up university,MEDIUM,63,40,66.05,151.55
sign up for training,LOW,16,40,5.10,31.41
your courses,LOW,3,40,,
campus sign,HIGH,82,40,4.01,7.80
your university,LOW,1,40,,
account up,LOW,2,40,,
application all,LOW,1,40,,
course of studies,LOW,2,40,,
diploma letter,MEDIUM,59,40,,
information courses,LOW,16,40,2.10,5.08
menu city,LOW,7,40,,
more courses,LOW,0,40,,
no course,LOW,0,40,,
program diploma,LOW,19,40,5.07,15.84
search training,LOW,1,40,,
u of i sign in,LOW,3,40,0.02,0.09
it diploma courses,MEDIUM,50,30,4.60,18.20
campus city,LOW,0,30,,
university it courses,LOW,14,30,5.30,12.93
und cyber security,MEDIUM,35,30,1.19,9.85
course application,LOW,13,30,3.29,12.00
course by course,LOW,14,30,0.96,2.94
diploma certificate courses,LOW,12,30,,
diploma and certificate courses,LOW,12,30,,
us courses,LOW,12,30,1.62,6.81
diploma course near me,MEDIUM,49,30,2.07,11.71
campus application,LOW,8,30,4.09,9.21
us course,LOW,12,30,1.62,6.81
course category,LOW,2,30,,
certificate all,LOW,3,30,,
security on campus,LOW,4,30,,
campus security training,MEDIUM,35,30,4.68,9.75
cyber security and,LOW,22,30,6.22,16.76
all apply,LOW,0,30,,
university city campus,LOW,2,30,,
application for the course,LOW,13,30,3.29,12.00
application sent,LOW,1,30,,
apply for ll,LOW,2,30,,
course letter,LOW,0,30,,
into course,LOW,1,30,,
letter course,LOW,0,30,,
on campus security,LOW,4,30,,
program electives,LOW,1,30,,
program programs,LOW,0,30,,
level 5 diploma,LOW,0,20,,
diploma in networking,LOW,24,20,4.61,26.04
course to course,LOW,0,20,,
account diploma course,MEDIUM,39,20,4.17,24.84
sign course,LOW,3,20,,
all about diploma,LOW,11,20,,
campus security training course,LOW,23,20,1.68,5.80
campus search,LOW,0,20,,
all diploma,LOW,11,20,,
5 campus,LOW,0,20,,
8 course,LOW,0,20,,
a level and as level,LOW,0,20,,
a level as level,LOW,0,20,,
and cyber security,LOW,6,20,,
application sign in,LOW,0,20,,
apply city,LOW,14,20,0.33,2.37
apply for the city,LOW,14,20,0.33,2.37
campus account,LOW,0,20,,
characters and numbers password,LOW,0,20,,
course no,LOW,0,20,,
diploma international,LOW,2,20,,
network campus,LOW,2,20,,
sign up information,LOW,19,20,3.50,14.79
top campus,LOW,0,20,,
level 5 courses,LOW,0,10,,
level 4 courses,LOW,21,10,,
course city,LOW,0,10,,
city campus courses,UNSPECIFIED,0,10,,
certificate 4 in cyber security,LOW,0,10,,
send courses,LOW,0,10,,
advanced diploma in cyber security,LOW,0,10,,
level 4 cyber security course,MEDIUM,57,10,,
all certificate programs,MEDIUM,49,10,1.91,8.08
diploma programmes,LOW,0,10,,
certificate 4 in information technology,LOW,4,10,,
certificate 4 in it,LOW,0,10,,
level 4 diploma in cyber security,UNSPECIFIED,0,10,,
level 4 management course,UNSPECIFIED,0,10,,
cert 4 in information technology,LOW,4,10,,
all university courses,LOW,14,10,,
diploma ecampus,UNSPECIFIED,0,10,,
top up courses,LOW,5,10,,
level 4 it courses,UNSPECIFIED,0,10,,
sign up to university,UNSPECIFIED,0,10,,
security diploma course,MEDIUM,50,10,,
level 4 cyber security,MEDIUM,49,10,5.44,23.24
apply for it course,MEDIUM,64,10,,
apply for diploma,LOW,21,10,4.93,14.15
apply for course,LOW,27,10,9.04,22.94
on campus course,MEDIUM,33,10,4.07,15.57
cyber security campus,MEDIUM,48,10,18.64,61.85
level 5 diploma courses,LOW,0,10,,
it a level course,LOW,0,10,,
course for me,LOW,19,10,,
diploma all course,LOW,0,10,,
level 5 certificate,LOW,0,10,,
cyber security as a course,LOW,0,10,,
of course course,LOW,1,10,,
diploma in it networking,LOW,0,10,,
all about it course,MEDIUM,36,10,,
all of course,LOW,0,10,,
it all course,UNSPECIFIED,0,10,,
brickfield campus,UNSPECIFIED,0,10,,
diploma professional courses,UNSPECIFIED,0,10,,
advanced diploma in engineering,LOW,3,10,,
information security diploma,LOW,0,10,,
campus diploma,LOW,24,10,,
5 diploma,LOW,0,10,,
send diploma level 5,UNSPECIFIED,0,10,,
certificate engineering courses,MEDIUM,34,10,,
all a level courses,LOW,0,10,,
level 4 diploma courses,UNSPECIFIED,0,10,,
university diploma courses,LOW,11,10,,
cyber diploma,LOW,29,10,,
be all courses,UNSPECIFIED,0,10,,
it security university,LOW,24,10,5.97,59.85
sign up for the course,LOW,29,10,,
sign up to a course,UNSPECIFIED,0,10,,
cyber security is under which course,LOW,19,10,,
courses for courses,LOW,0,10,,
diploma in network security,LOW,0,10,,
diploma in cyber,UNSPECIFIED,0,10,,
training academic,LOW,0,10,,
course sign,HIGH,70,10,,
all be courses,UNSPECIFIED,0,10,,
diploma level courses,LOW,0,10,,
about diploma course,UNSPECIFIED,0,10,,
apply for diploma courses,MEDIUM,64,10,,
all certificate courses,UNSPECIFIED,0,10,,
diploma what level,LOW,0,10,,
apply course,LOW,18,10,,
all of the courses,LOW,0,10,,
courses at southampton university,LOW,3,10,,
diploma course s,LOW,0,10,,
campus for all,LOW,0,10,,
campus all,LOW,0,10,,
diploma is which level,UNSPECIFIED,0,10,,
diploma city,LOW,0,10,,
as level course,LOW,0,10,,
certificate 4 in security,LOW,0,10,,
certificate in engineering courses,MEDIUM,48,10,,
campus level,LOW,0,10,,
cyber security all courses,HIGH,71,10,,
level 5 it courses,UNSPECIFIED,0,10,,
campus reset,UNSPECIFIED,0,10,,
university information security,LOW,24,10,5.97,59.85
campusx courses,LOW,5,10,,
campus certificate,LOW,17,10,,
certificate courses in university,MEDIUM,36,10,,
cert 4 in it networking,MEDIUM,57,10,,
send your application,LOW,0,10,,
on campus training,LOW,11,10,,
diploma training certificate,LOW,0,10,,
diploma in certificate,UNSPECIFIED,0,10,,
certificate 4 in networking,MEDIUM,57,10,,
it application course,LOW,14,10,,
cert iii courses,LOW,19,10,,
password reset sent,LOW,16,10,,
diploma all,UNSPECIFIED,0,10,,
certificate level courses,LOW,18,10,,
university level courses,LOW,0,10,,
courses for you,LOW,20,10,,
city training institute,UNSPECIFIED,0,10,,
for diploma courses,UNSPECIFIED,0,10,,
professional courses training,LOW,29,10,,
the professional courses,UNSPECIFIED,0,10,,
view all courses,UNSPECIFIED,0,10,,
cyber security city,LOW,24,10,,
all professional courses,UNSPECIFIED,0,10,,
level 4 diploma in it,UNSPECIFIED,0,10,,
send email from application,MEDIUM,43,10,,
campus password,LOW,0,10,,
level 5 diploma in information technology,LOW,7,10,,
up password reset,LOW,0,10,,
university sign in,LOW,1,10,,
up it course,UNSPECIFIED,0,10,,
advanced certificate in information technology,LOW,0,10,,
certificate apply,LOW,0,10,,
in diploma course,LOW,0,10,,
qualification for diploma courses,HIGH,71,10,,
comc courses,UNSPECIFIED,0,10,,
diploma in up,LOW,3,10,,
cert 4 in networking,MEDIUM,57,10,,
certificate courses for it professionals,MEDIUM,38,10,,
city email sign in,LOW,0,10,,
courses to apply for,UNSPECIFIED,0,10,,
university programmes,LOW,5,10,,
capital courses,LOW,0,10,,
top up city,UNSPECIFIED,0,10,,
networking diploma courses,MEDIUM,57,10,,
course send,LOW,0,10,,
campus programme,UNSPECIFIED,0,10,,
diploma professional certificate,LOW,7,10,,
certificate in diploma,LOW,0,10,,
level of academic,LOW,0,10,,
diploma 5,LOW,0,10,,
200 course,LOW,0,10,,
4 campus,LOW,0,10,,
a university course,UNSPECIFIED,0,10,,
abd letters,MEDIUM,34,10,,
about your application,LOW,0,10,,
advanced certificate in information security,LOW,0,10,,
advanced diploma in,LOW,0,10,,
advanced diploma in network security,UNSPECIFIED,0,10,,
advanced diploma level 5,UNSPECIFIED,0,10,,
all courses information,UNSPECIFIED,0,10,,
appl course,LOW,0,10,,
application for city,LOW,3,10,,
application for the city,LOW,18,10,0.25,0.49
apply a course,UNSPECIFIED,0,10,,
apply for the course,LOW,18,10,,
apply for up,LOW,23,10,4.70,9.58
apply the course,MEDIUM,43,10,,
apply to a course,LOW,18,10,,
apply to course,LOW,18,10,,
apply to the course,UNSPECIFIED,0,10,,
at university level,LOW,0,10,,
campus apply,UNSPECIFIED,0,10,,
campus inside,LOW,0,10,,
campus letter,LOW,0,10,,
campus network security,LOW,31,10,7.65,25.00
campus security management,LOW,18,10,,
categories of courses,UNSPECIFIED,0,10,,
cert 4 in,UNSPECIFIED,0,10,,
city academic,LOW,0,10,,
city apply,LOW,0,10,,
city top up,UNSPECIFIED,0,10,,
city university of new,LOW,6,10,,
contact course,LOW,4,10,,
course applying for,UNSPECIFIED,0,10,,
course contact,LOW,4,10,,
course profile,LOW,0,10,,
course top,LOW,0,10,,
course us,LOW,12,10,2.87,4.59
course we,LOW,0,10,,
courses new,LOW,0,10,,
courses to apply,UNSPECIFIED,0,10,,
diploma categories,UNSPECIFIED,0,10,,
diploma course duration,UNSPECIFIED,0,10,,
diploma course fee,UNSPECIFIED,0,10,,
diploma courses at up,LOW,0,10,,
diploma email,LOW,0,10,,
email campus,UNSPECIFIED,0,10,,
email send link,LOW,4,10,,
email to your,UNSPECIFIED,0,10,,
email us link,LOW,0,10,,
email your,LOW,0,10,,
engineering all course,UNSPECIFIED,0,10,,
fo city,LOW,12,10,0.79,1.49
for cyber security,LOW,26,10,,
for your application,LOW,0,10,,
hardware diploma course,UNSPECIFIED,0,10,,
higher certificate in,UNSPECIFIED,0,10,,
in information security,MEDIUM,36,10,,
in your course,LOW,0,10,,
in your university,UNSPECIFIED,0,10,,
information about diploma course,UNSPECIFIED,0,10,,
information technology level 4,MEDIUM,57,10,,
inside by campus,LOW,0,10,,
into a level,UNSPECIFIED,0,10,,
it reset password,LOW,0,10,,
level 4 university,LOW,0,10,,
level 5 university,UNSPECIFIED,0,10,,
link to your email,LOW,0,10,,
ll course,LOW,5,10,,
management campus,LOW,13,10,,
must course,LOW,0,10,,
network security university,LOW,22,10,,
nqf 4,LOW,0,10,,
of cyber security,LOW,19,10,,
oklev√©l university,UNSPECIFIED,0,10,,
password is reset,LOW,0,10,,
password must be,LOW,0,10,,
password must contain letters,UNSPECIFIED,0,10,,
password refresh,LOW,5,10,,
password was reset,LOW,1,10,,
professional in training,LOW,2,10,,
professional retraining,LOW,2,10,,
professional retraining diploma,LOW,7,10,,
profile course,UNSPECIFIED,0,10,,
qualification for diploma in information technology,UNSPECIFIED,0,10,,
send an application,LOW,1,10,,
send email to link,LOW,0,10,,
sign in to your application,LOW,0,10,,
southampton university security,UNSPECIFIED,0,10,,
southampton university sign in,UNSPECIFIED,0,10,,
specialized training courses,LOW,2,10,,
the course menu,LOW,0,10,,
the password must include,UNSPECIFIED,0,10,,
the university campus,LOW,0,10,,
top 5 diploma course,UNSPECIFIED,0,10,,
top up certificate,LOW,0,10,,
university all courses,UNSPECIFIED,0,10,,
university and campus,LOW,0,10,,
university level 5,UNSPECIFIED,0,10,,
university level diploma,UNSPECIFIED,0,10,,
university of security,LOW,10,10,,
university university of,LOW,0,10,,
up certificate courses,LOW,0,10,,
up cyber,LOW,3,10,,
up cyber security,LOW,29,10,,
up diploma certificate,UNSPECIFIED,0,10,,
up university courses,UNSPECIFIED,0,10,,
we course,LOW,0,10,,
we to you,LOW,0,10,,
you are courses,LOW,0,10,,
your application for,LOW,0,10,,
your diploma,LOW,9,10,,
